ruta,archivo,categoria,bytes,md5,fecha_ingreso
01_Datos/ANM/TITULOSMINAS_ORIGINAL.xlsx,TITULOSMINAS_ORIGINAL.xlsx,B,969802,7f6e437decf4406c744a0557c2a37a4c,2026-09-16
01_Datos/Contraloria/617_ORIGINAL.xlsx,617_ORIGINAL.xlsx,B,104441,7fb59c6156fc15134b97fe627fba3cd0,2026-09-16
01_Datos/DANE/CNPV_2018/VIVIENDAS_Cuadros_CNPV_2018.XLSX,VIVIENDAS_Cuadros_CNPV_2018.XLSX,A,8406337,fd123c70075e1b9c39da6f46ff1b9ffe,2026-09-16
01_Datos/DANE/Cuentas_Nacionales/PIB_ORIGINAL.xlsx,PIB_ORIGINAL.xlsx,A,1996513,07ba3710b2895d0d7f9b5642db03bda5,2026-09-16
01_Datos/DANE/Cuentas_Nacionales/VALOR AGREGADO MUNICIPAL 2011-2022P - DANE.xlsx,VALOR AGREGADO MUNICIPAL 2011-2022P - DANE.xlsx,A,1875195,5df0f334dd89122f24995cec0a51fe0e,2026-09-16
01_Datos/DANE/Deficit_Habitacional/deficit cualitativo por municipio 2023.xlsx,deficit cualitativo por municipio 2023.xlsx,A,72713,bca6b58acbf1d0eac025bd60b1519d9e,2026-09-16
01_Datos/DANE/Deficit_Habitacional/deficit cuantitativo por municipio 2023.xlsx,deficit cuantitativo por municipio 2023.xlsx,A,49601,18986e4f6ae115fe88b75857f646e60d,2026-09-16
01_Datos/DANE/Estadisticas_Vitales/Defunciones 2024.xlsx,Defunciones 2024.xlsx,A,13492273,1ced5891bc652e938b2c8a7730e50270,2026-09-16
01_Datos/DANE/Estadisticas_Vitales/anex-EEVV-DefuncionesNoFetalesCuadroAnoAcumulado-2025pr.xlsx,anex-EEVV-DefuncionesNoFetalesCuadroAnoAcumulado-2025pr.xlsx,A,7433320,ff3497f161e305e1699a603ceda9b345,2026-09-16
01_Datos/DANE/Estadisticas_Vitales/defunciones-no-fetales2022-cuadro-definitivo-2022.xls,defunciones-no-fetales2022-cuadro-definitivo-2022.xls,A,25356800,977550b5ed6c874c0e5a03092aa9cf3d,2026-09-16
01_Datos/DANE/Marco_Geoestadistico/MGN_MPIO_POLITICO.dbf,MGN_MPIO_POLITICO.dbf,A,55322,287bf471387a57b685e065862f124ff5,2026-09-16
01_Datos/DANE/Marco_Geoestadistico/MGN_MPIO_POLITICO.prj,MGN_MPIO_POLITICO.prj,A,145,c742bee3d4edfc2948a2ad08de1790a5,2026-09-16
01_Datos/DANE/Marco_Geoestadistico/MGN_MPIO_POLITICO.shp,MGN_MPIO_POLITICO.shp,A,9141820,bb0310d19f3c862e9890e990a44fcac7,2026-09-16
01_Datos/DANE/Marco_Geoestadistico/MGN_MPIO_POLITICO.shx,MGN_MPIO_POLITICO.shx,A,1100,99ec5f55e67cacd3b792f11060f72066,2026-09-16
01_Datos/DANE/Proyecciones_Poblacion/POBLACION MUNICIPAL.xlsx,POBLACION MUNICIPAL.xlsx,B,38006839,86e9af32bc4980542c37303efe657e10,2026-09-16
01_Datos/DANE/Proyecciones_Poblacion/PPED-AreaSexoEdadMun-2018-2042_VP__Indice.parquet,PPED-AreaSexoEdadMun-2018-2042_VP__Indice.parquet,D,2344,5d8973430f991a1e0976f3340f4a39e3,2026-09-17
01_Datos/DANE/Proyecciones_Poblacion/PPED-AreaSexoEdadMun-2018-2042_VP__PPED.parquet,PPED-AreaSexoEdadMun-2018-2042_VP__PPED.parquet,D,2552,415112aae0665f007238a48ea09d48a1,2026-09-17
01_Datos/DANE/Proyecciones_Poblacion/PPED-AreaSexoEdadMun-2018-2042_VP__PobMunicipalxAreaSexoEdad.parquet,PPED-AreaSexoEdadMun-2018-2042_VP__PobMunicipalxAreaSexoEdad.parquet,D,31568590,6fa3ffe20c8c7810eaa1c72e9a49615a,2026-09-17
01_Datos/DNP/Desempeno_Fiscal_IDF/Consulta IDF - DNP.xlsx,Consulta IDF - DNP.xlsx,B,94476,f3ab4dbb70027aa82b145ad1396cb7f4,2026-09-16
01_Datos/DNP/Desempeno_Municipal_MDM/MDM_ORIGINAL.xlsx,MDM_ORIGINAL.xlsx,A,4773136,2df6b55a20b550adadd7e9701d1ffd2e,2026-09-16
01_Datos/DNP/Mapa_Inversiones/mapainversiones.dnp.gov.co.har,mapainversiones.dnp.gov.co.har,B,19997488,d181bfce4fb701560bb60ec41d946f5f,2026-09-16
01_Datos/DNP/Mapa_Inversiones/mapainversiones.dnp.gov.co_proyectos.har,mapainversiones.dnp.gov.co_proyectos.har,B,42045520,d2166cc34edd7f504aa7a9ac9665f5d7,2026-09-16
01_Datos/DNP/Mapa_Inversiones/mapainversiones.dnp.gov.co_proyectos_v2.har,mapainversiones.dnp.gov.co_proyectos_v2.har,B,10161116,50470284e6bbbbd44c9688ec0da63340,2026-09-16
01_Datos/DNP/Riesgo_Desastres_IMRC/IMRC_ORIGINAL.xlsx,IMRC_ORIGINAL.xlsx,A,842242,ac5e0d6ffeb190990a13ed98d28c18a3,2026-09-16
01_Datos/Funcion_Publica_FURAG/Indice_gobierno_digital_2024.xlsx,Indice_gobierno_digital_2024.xlsx,A,427372,c2611c05e1430e0f80fc4c37a1285081,2026-09-16
01_Datos/Funcion_Publica_FURAG/Índice_de_Gobierno_Digital_-_Histórico_20260704.xlsx,Índice_de_Gobierno_Digital_-_Histórico_20260704.xlsx,A,7100354,426f82da24814bca5413a3ec21fcba8b,2026-09-16
01_Datos/Global_Forest_Watch/Deforestación GFW.xlsx,Deforestación GFW.xlsx,A,2481608,57fc8d0d17eef8bb84e472a7f51bb5c7,2026-09-16
01_Datos/Gobernacion_Antioquia/Catastro/CATASTRO.xlsx,CATASTRO.xlsx,A,40709,17235c16c97d0a01c7348f1c8a726d3b,2026-09-16
01_Datos/Gobernacion_Antioquia/DAGRAN/Desastres 2024.xlsx,Desastres 2024.xlsx,A,137719,997ba9000422d220b899d43bc3e19566,2026-09-16
01_Datos/Gobernacion_Antioquia/DAP_Planeacion/PIB-VA_Mpal_2015-2024pr_Publ_05-06-2026_v2.xlsm,PIB-VA_Mpal_2015-2024pr_Publ_05-06-2026_v2.xlsm,A,1973129,5a309a08a2019fc7a725fee63c80aff1,2026-09-16
01_Datos/Gobernacion_Antioquia/DAP_Planeacion/VALOR AGREGADO MUNICIPAL 2015-2022 - GOB ANT.xlsx,VALOR AGREGADO MUNICIPAL 2015-2022 - GOB ANT.xlsx,A,1025764,629c7bb1ca525be30b3967c71a5a7cac,2026-09-16
01_Datos/Gobernacion_Antioquia/Datalake/DATALAKE DEyC.xlsx,DATALAKE DEyC.xlsx,A,2406265,df18b1d9633fbe9e51fd7d7243e654d0,2026-09-16
01_Datos/Gobernacion_Antioquia/Datalake/DATALAKE EDUCACION.xlsx,DATALAKE EDUCACION.xlsx,A,7003559,a2cec84a9378fc87f68c9d9514de67da,2026-09-16
01_Datos/Gobernacion_Antioquia/Datalake/DATALAKE GESTION PUBLICA.xlsx,DATALAKE GESTION PUBLICA.xlsx,A,108275,ffec43745686a9d26b36e2b3ae3d2170,2026-09-16
01_Datos/Gobernacion_Antioquia/Encuesta_Calidad_de_Vida/INDICADORES ECV 2023 MUNICIPIOS.xlsx,INDICADORES ECV 2023 MUNICIPIOS.xlsx,A,29765930,f15aba3ddf97bc1a359a2c58ef571cdf,2026-09-16
01_Datos/Gobernacion_Antioquia/Encuesta_Calidad_de_Vida/Indicadores_ECV2023.xlsx,Indicadores_ECV2023.xlsx,A,27095879,44f49bb4f65a648b693e038d018b9396,2026-09-16
01_Datos/Gobernacion_Antioquia/Encuesta_Calidad_de_Vida/MICRODATOS ECV 2023_DICCIONARIO.xlsx,MICRODATOS ECV 2023_DICCIONARIO.xlsx,A,492245,5bfcb4c64619c5b2c906bdc57d926610,2026-09-16
01_Datos/Gobernacion_Antioquia/Encuesta_Calidad_de_Vida/MICRODATOS ECV 2023_DICCIONARIO_RES.xlsx,MICRODATOS ECV 2023_DICCIONARIO_RES.xlsx,A,82734,77efd44ef8b383b14385c32e8aa67291,2026-09-16
01_Datos/Gobernacion_Antioquia/Encuesta_Percepcion_Seguridad/Diccionario de datos 033200250000 percepcion de seguridad_2025 (1).xlsx,Diccionario de datos 033200250000 percepcion de seguridad_2025 (1).xlsx,A,1056244,64d3b2ac361239545b1e972d8c240bfe,2026-09-16
01_Datos/Gobernacion_Antioquia/Encuesta_Percepcion_Seguridad/encuesta_percepcion_2018-2025_anonimizada.parquet,encuesta_percepcion_2018-2025_anonimizada.parquet,E,5860770,61435cc1aaf678aab958606039980d3a,2026-09-17
01_Datos/Gobernacion_Antioquia/POTA/Tablas_municipales_octubre/GRUPO_1/05021_conflictos_alejandria.xlsx,05021_conflictos_alejandria.xlsx,A,191761,0aa767aec124fa9d06fe1b0dba4cd996,2026-09-16
01_Datos/Gobernacion_Antioquia/POTA/Tablas_municipales_octubre/GRUPO_1/05036_conflictos_angelopolis.xlsx,05036_conflictos_angelopolis.xlsx,A,225232,8e243db18446dce9b04d5dba2090b260,2026-09-16
01_Datos/Gobernacion_Antioquia/POTA/Tablas_municipales_octubre/GRUPO_1/05040_conflictos_anori.xlsx,05040_conflictos_anori.xlsx,A,618038,ce17a2ad352a135b484bbc91ac677eb8,2026-09-16
01_Datos/Gobernacion_Antioquia/POTA/Tablas_municipales_octubre/GRUPO_1/05055_conflictos_argelia.xlsx,05055_conflictos_argelia.xlsx,A,571951,11f750d0a7437a109a2e1f5bb114fdbd,2026-09-16
01_Datos/Gobernacion_Antioquia/POTA/Tablas_municipales_octubre/GRUPO_1/05086_conflictos_belmira.xlsx,05086_conflictos_belmira.xlsx,A,339400,12ad37ff187027ace544e8d963a84d8d,2026-09-16
01_Datos/Gobernacion_Antioquia/POTA/Tablas_municipales_octubre/GRUPO_1/05107_conflictos_briceño.xlsx,05107_conflictos_briceño.xlsx,A,225510,a483c9df4df7521e759e9689eee57a07,2026-09-16
01_Datos/Gobernacion_Antioquia/POTA/Tablas_municipales_octubre/GRUPO_1/05315_conflictos_guadalupe.xlsx,05315_conflictos_guadalupe.xlsx,A,272795,33dc03f486a071439fa6ec9ec9886d76,2026-09-16
01_Datos/Gobernacion_Antioquia/POTA/Tablas_municipales_octubre/GRUPO_1/05321_conflictos_guatape.xlsx,05321_conflictos_guatape.xlsx,A,515529,2b4c1ef30ca8f2e321cfc8ca4c3e621e,2026-09-16
01_Datos/Gobernacion_Antioquia/POTA/Tablas_municipales_octubre/GRUPO_1/05390_conflictos_pintada.xlsx,05390_conflictos_pintada.xlsx,A,210767,e26d88fea19ab4f6c834ed7dfae7b96e,2026-09-16
01_Datos/Gobernacion_Antioquia/POTA/Tablas_municipales_octubre/GRUPO_1/05642_conflictos_salgar.xlsx,05642_conflictos_salgar.xlsx,A,659716,41251628d87ed9638027042ead34f223,2026-09-16
01_Datos/Gobernacion_Antioquia/POTA/Tablas_municipales_octubre/GRUPO_1/05847_conflictos_urrao.xlsx,05847_conflictos_urrao.xlsx,A,1557580,137fdccff9e5ecbbacd0bb03a24544e5,2026-09-16
01_Datos/Gobernacion_Antioquia/POTA/Tablas_municipales_octubre/GRUPO_2/05093_conflictos_betulia.xlsx,05093_conflictos_betulia.xlsx,A,596155,9d66feebd5c04228ef0f33bb88e93ca4,2026-09-16
01_Datos/Gobernacion_Antioquia/POTA/Tablas_municipales_octubre/GRUPO_2/05134_conflictos_campamento.xlsx,05134_conflictos_campamento.xlsx,A,455218,bd2b10fe3252cb772bd1a4667914d9d1,2026-09-16
01_Datos/Gobernacion_Antioquia/POTA/Tablas_municipales_octubre/GRUPO_2/05347_conflictos_heliconia.xlsx,05347_conflictos_heliconia.xlsx,A,356281,c93f081179521539b8b18112785fac3a,2026-09-16
01_Datos/Gobernacion_Antioquia/POTA/Tablas_municipales_octubre/GRUPO_2/05361_conflictos_ituango.xlsx,05361_conflictos_ituango.xlsx,A,820989,340caa1039c5646661ea1a057b5c6f57,2026-09-16
01_Datos/Gobernacion_Antioquia/POTA/Tablas_municipales_octubre/GRUPO_2/05400_conflictos_launion.xlsx,05400_conflictos_launion.xlsx,A,788173,a55dfdc297a6d16215d30440de5be77e,2026-09-16
01_Datos/Gobernacion_Antioquia/POTA/Tablas_municipales_octubre/GRUPO_2/05591_conflictos_puertotriunfo.xlsx,05591_conflictos_puertotriunfo.xlsx,A,247239,5a3a719117b893bd06b520137551e2f9,2026-09-16
01_Datos/Gobernacion_Antioquia/POTA/Tablas_municipales_octubre/GRUPO_2/05647_conflictos_sanandres_cuerquia.xlsx,05647_conflictos_sanandres_cuerquia.xlsx,A,408607,28d4815413e1dcc39e71264f9376631e,2026-09-16
01_Datos/Gobernacion_Antioquia/POTA/Tablas_municipales_octubre/GRUPO_2/05664_conflictos_sanpedro_milagros.xlsx,05664_conflictos_sanpedro_milagros.xlsx,A,922920,1e613c37043f66e270abfee7deac56b6,2026-09-16
01_Datos/Gobernacion_Antioquia/POTA/Tablas_municipales_octubre/GRUPO_2/05690_conflictos_santodomingo.xlsx,05690_conflictos_santodomingo.xlsx,A,835476,c78cd36f1b6c70e297acf8e7971bd933,2026-09-16
01_Datos/Gobernacion_Antioquia/POTA/Tablas_municipales_octubre/GRUPO_2/05790_conflictos_taraza.xlsx,05790_conflictos_taraza.xlsx,A,423765,c5e93918255334d45d92bcc94b24b5b8,2026-09-16
01_Datos/Gobernacion_Antioquia/POTA/Tablas_municipales_octubre/GRUPO_2/05854_conflictos_valdivia.xlsx,05854_conflictos_valdivia.xlsx,A,368714,1e12449a47528de8c8ecb40b33a02975,2026-09-16
01_Datos/Gobernacion_Antioquia/POTA/Tablas_municipales_octubre/GRUPO_3/05002_conflictos_abejorral.xlsx,05002_conflictos_abejorral.xlsx,A,763999,8689e2faa3008bce83e511b5fe049dc1,2026-09-16
01_Datos/Gobernacion_Antioquia/POTA/Tablas_municipales_octubre/GRUPO_3/05031_conflictos_amalfi.xlsx,05031_conflictos_amalfi.xlsx,A,416199,9344b612bca860b1310469d4ec5be2e7,2026-09-16
01_Datos/Gobernacion_Antioquia/POTA/Tablas_municipales_octubre/GRUPO_3/05045_conflictos_apartado.xlsx,05045_conflictos_apartado.xlsx,A,719621,f16de35a7543f92a23448546b074e617,2026-09-16
01_Datos/Gobernacion_Antioquia/POTA/Tablas_municipales_octubre/GRUPO_3/05147_conflictos_carepa.xlsx,05147_conflictos_carepa.xlsx,A,555529,61f6fcfe62f328fcfa3d6a50e4f03753,2026-09-16
01_Datos/Gobernacion_Antioquia/POTA/Tablas_municipales_octubre/GRUPO_3/05172_conflictos_chigorodo.xlsx,05172_conflictos_chigorodo.xlsx,A,461919,f5342c1f8cb64159377b891a9fa46fcd,2026-09-16
01_Datos/Gobernacion_Antioquia/POTA/Tablas_municipales_octubre/GRUPO_3/05197_conflictos_cocorna.xlsx,05197_conflictos_cocorna.xlsx,A,717332,8b7fe9deac276cde0f954e7735ce6df2,2026-09-16
01_Datos/Gobernacion_Antioquia/POTA/Tablas_municipales_octubre/GRUPO_3/05237_conflictos_donmatias.xlsx,05237_conflictos_donmatias.xlsx,A,305311,c0652e55e76c1a9b55025589f2bde2b7,2026-09-16
01_Datos/Gobernacion_Antioquia/POTA/Tablas_municipales_octubre/GRUPO_3/05579_conflictos_puerto_berrio.xlsx,05579_conflictos_puerto_berrio.xlsx,A,333282,725ff3974a490fa7e1e034870b23d3f1,2026-09-16
01_Datos/Gobernacion_Antioquia/POTA/Tablas_municipales_octubre/GRUPO_3/05658_conflictos_sanjose_montana.xlsx,05658_conflictos_sanjose_montana.xlsx,A,71596,ac34b02662e9fc6ed6a1a6b037804a25,2026-09-16
01_Datos/Gobernacion_Antioquia/POTA/Tablas_municipales_octubre/GRUPO_3/05686_conflictos_santarosa_osos.xlsx,05686_conflictos_santarosa_osos.xlsx,A,855346,800021b62ccbce7d60fc7e626ce7b24c,2026-09-16
01_Datos/Gobernacion_Antioquia/POTA/Tablas_municipales_octubre/GRUPO_3/05861_conflictos_venecia.xlsx,05861_conflictos_venecia.xlsx,A,322846,4d9206448e4c4b5442708752caed57b6,2026-09-16
01_Datos/Gobernacion_Antioquia/POTA/Tablas_municipales_octubre/GRUPO_4/05030_conflictos_amaga.xlsx,05030_conflictos_amaga.xlsx,A,515294,35dbe13c5abf5c87f7b2308f6e7f2da5,2026-09-16
01_Datos/Gobernacion_Antioquia/POTA/Tablas_municipales_octubre/GRUPO_4/05091_conflictos_betania.xlsx,05091_conflictos_betania.xlsx,A,212875,a0ca026ae7a6e2e10e5b23b846030e52,2026-09-16
01_Datos/Gobernacion_Antioquia/POTA/Tablas_municipales_octubre/GRUPO_4/05206_conflictos_concepcion.xlsx,05206_conflictos_concepcion.xlsx,A,272469,e7811cd024fe9e9c0065168ee9e23516,2026-09-16
01_Datos/Gobernacion_Antioquia/POTA/Tablas_municipales_octubre/GRUPO_4/05209_conflictos_concordia.xlsx,05209_conflictos_concordia.xlsx,A,277469,db0c6b932c5f3c0153385c60e95bf249,2026-09-16
01_Datos/Gobernacion_Antioquia/POTA/Tablas_municipales_octubre/GRUPO_4/05240_conflictos_ebejico.xlsx,05240_conflictos_ebejico.xlsx,A,385713,658ed28cb91ffcd198fe564fe52b9828,2026-09-16
01_Datos/Gobernacion_Antioquia/POTA/Tablas_municipales_octubre/GRUPO_4/05376_conflictos_laceja.xlsx,05376_conflictos_laceja.xlsx,A,840194,8e0e64d3bcdb0210f2527252a85771ef,2026-09-16
01_Datos/Gobernacion_Antioquia/POTA/Tablas_municipales_octubre/GRUPO_4/05649_conflictos_sancarlos.xlsx,05649_conflictos_sancarlos.xlsx,A,656332,143c93a3cf1f907f18a53676af2533b6,2026-09-16
01_Datos/Gobernacion_Antioquia/POTA/Tablas_municipales_octubre/GRUPO_4/05665_conflictos_sanpedro_uraba.xlsx,05665_conflictos_sanpedro_uraba.xlsx,A,428980,811dd3ba2b90c0bdf55ec492ade614fb,2026-09-16
01_Datos/Gobernacion_Antioquia/POTA/Tablas_municipales_octubre/GRUPO_4/05667_conflictos_san_rafael.xlsx,05667_conflictos_san_rafael.xlsx,A,536797,7b32d917756c1cef39500caaef1d4d91,2026-09-16
01_Datos/Gobernacion_Antioquia/POTA/Tablas_municipales_octubre/GRUPO_4/05697_conflictos_santuario.xlsx,05697_conflictos_santuario.xlsx,A,551355,2a4d77008e79cbac6d17e65c4098d391,2026-09-16
01_Datos/Gobernacion_Antioquia/POTA/Tablas_municipales_octubre/GRUPO_4/05761_conflictos_sopetran.xlsx,05761_conflictos_sopetran.xlsx,A,818189,8d92479c90ebdfb2619b9f91c84d005d,2026-09-16
01_Datos/Gobernacion_Antioquia/POTA/Tablas_municipales_octubre/GRUPO_5/05004_conflictos_abriaqui.xlsx,05004_conflictos_abriaqui.xlsx,A,119383,4cc9ab0a3e4e6607b4633c1c36a95530,2026-09-16
01_Datos/Gobernacion_Antioquia/POTA/Tablas_municipales_octubre/GRUPO_5/05038_conflictos_angostura.xlsx,05038_conflictos_angostura.xlsx,A,393257,b3436cd505c59063d095ce83601c7bff,2026-09-16
01_Datos/Gobernacion_Antioquia/POTA/Tablas_municipales_octubre/GRUPO_5/05044_conflictos_anza.xlsx,05044_conflictos_anza.xlsx,A,190127,5250cd6b7edb2055c0eb9897f0c23703,2026-09-16
01_Datos/Gobernacion_Antioquia/POTA/Tablas_municipales_octubre/GRUPO_5/05125_conflictos_caicedo.xlsx,05125_conflictos_caicedo.xlsx,A,247792,702d5da44f078646f53204d5bfac438d,2026-09-16
01_Datos/Gobernacion_Antioquia/POTA/Tablas_municipales_octubre/GRUPO_5/05145_conflictos_caramanta.xlsx,05145_conflictos_caramanta.xlsx,A,260097,68bd743753b5f120881a0e96a008478e,2026-09-16
01_Datos/Gobernacion_Antioquia/POTA/Tablas_municipales_octubre/GRUPO_5/05250_conflictos_el_bagre.xlsx,05250_conflictos_el_bagre.xlsx,A,461276,0702a48c66bd95965aa6da383d9b3d9b,2026-09-16
01_Datos/Gobernacion_Antioquia/POTA/Tablas_municipales_octubre/GRUPO_5/05310_conflictos_gomez_plata.xlsx,05310_conflictos_gomez_plata.xlsx,A,378310,ae6bc1a7a420f66f51f017abfb8c0bb5,2026-09-16
01_Datos/Gobernacion_Antioquia/POTA/Tablas_municipales_octubre/GRUPO_5/05353_conflictos_hispania.xlsx,05353_conflictos_hispania.xlsx,A,110350,c9d47d69d195a074be2657f8a7903206,2026-09-16
01_Datos/Gobernacion_Antioquia/POTA/Tablas_municipales_octubre/GRUPO_5/05495_conflictos_nechi.xlsx,05495_conflictos_nechi.xlsx,A,196346,97b78008793d307d90e0bbc3f773069a,2026-09-16
01_Datos/Gobernacion_Antioquia/POTA/Tablas_municipales_octubre/GRUPO_5/05576_conflictos_pueblo_rico.xlsx,05576_conflictos_pueblo_rico.xlsx,A,182664,31e963b9db3e362aab6fe627f5646f4d,2026-09-16
01_Datos/Gobernacion_Antioquia/POTA/Tablas_municipales_octubre/GRUPO_5/05585_conflictos_puerto_nare.xlsx,05585_conflictos_puerto_nare.xlsx,A,174950,67839f63716a0f6ae285a240bb41f2f5,2026-09-16
01_Datos/Gobernacion_Antioquia/POTA/Tablas_municipales_octubre/GRUPO_5/Observaciones grupo 5.docx,Observaciones grupo 5.docx,B,130180,a49da05307dddfca6dbfdf98f84b74d4,2026-09-16
01_Datos/Gobernacion_Antioquia/POTA/Tablas_municipales_octubre/GRUPO_6/05138_conflictos_cañasgordas.xlsx,05138_conflictos_cañasgordas.xlsx,A,599313,9a5209998322c7669b80c53a69a36bec,2026-09-16
01_Datos/Gobernacion_Antioquia/POTA/Tablas_municipales_octubre/GRUPO_6/05148_conflictos_elcarmen.xlsx,05148_conflictos_elcarmen.xlsx,A,1379602,a679cf669bed4fcbb78c680151245293,2026-09-16
01_Datos/Gobernacion_Antioquia/POTA/Tablas_municipales_octubre/GRUPO_6/05154_conflictos_caucasia.xlsx,05154_conflictos_caucasia.xlsx,A,642388,63b2e810a10ad0488ba232680e6f5544,2026-09-16
01_Datos/Gobernacion_Antioquia/POTA/Tablas_municipales_octubre/GRUPO_6/05190_conflictos_cisneros.xlsx,05190_conflictos_cisneros.xlsx,A,132122,8bb876f2e3924c758caa0b41d1f5efd5,2026-09-16
01_Datos/Gobernacion_Antioquia/POTA/Tablas_municipales_octubre/GRUPO_6/05306_conflictos_giraldo.xlsx,05306_conflictos_giraldo.xlsx,A,153357,b3468094befb0a3dda663cc13f3f04c6,2026-09-16
01_Datos/Gobernacion_Antioquia/POTA/Tablas_municipales_octubre/GRUPO_6/05318_conflictos_guarne.xlsx,05318_conflictos_guarne.xlsx,A,1374346,0d83c42c7e5a937a7d64bcd1334c1be6,2026-09-16
01_Datos/Gobernacion_Antioquia/POTA/Tablas_municipales_octubre/GRUPO_6/05368_conflictos_jerico.xlsx,05368_conflictos_jerico.xlsx,A,301927,4a92111c9b35027662e1634724351494,2026-09-16
01_Datos/Gobernacion_Antioquia/POTA/Tablas_municipales_octubre/GRUPO_6/05480_conflictos_mutata.xlsx,05480_conflictos_mutata.xlsx,A,243419,16db93e5abb1eee77d1377ef464d07cb,2026-09-16
01_Datos/Gobernacion_Antioquia/POTA/Tablas_municipales_octubre/GRUPO_6/05628_conflictos_sabanalarga.xlsx,05628_conflictos_sabanalarga.xlsx,A,412507,016015f9b804b18813397ca6d2af0d95,2026-09-16
01_Datos/Gobernacion_Antioquia/POTA/Tablas_municipales_octubre/GRUPO_6/05652_conflictos_sanfrancisco.xlsx,05652_conflictos_sanfrancisco.xlsx,A,277686,0888ad2661f89e13df06166e61d2d992,2026-09-16
01_Datos/Gobernacion_Antioquia/POTA/Tablas_municipales_octubre/GRUPO_6/05809_conflictos_titiribi.xlsx,05809_conflictos_titiribi.xlsx,A,319277,26bf1f3268563409b7b6fa111bf8e13f,2026-09-16
01_Datos/Gobernacion_Antioquia/POTA/Tablas_municipales_octubre/GRUPO_6/05837_conflictos_turbo.xlsx,05837_conflictos_turbo.xlsx,A,1396365,6212b1811d43fa1326c9b822b6f4778c,2026-09-16
01_Datos/Gobernacion_Antioquia/POTA/Tablas_municipales_octubre/GRUPO_6/Observaciones grupo 6.docx,Observaciones grupo 6.docx,B,123896,098e89dbefce89bebb81b107e7f22c3d,2026-09-16
01_Datos/Gobernacion_Antioquia/POTA/Tablas_municipales_octubre/GRUPO_7/05059_conflictos_armenia.xlsx,05059_conflictos_armenia.xlsx,A,154729,c5e7e23649d85e6498b241016649bc7c,2026-09-16
01_Datos/Gobernacion_Antioquia/POTA/Tablas_municipales_octubre/GRUPO_7/05129_conflictos_caldas.xlsx,05129_conflictos_caldas.xlsx,A,525958,82d4cb9d9ec5026da02c1b922c351978,2026-09-16
01_Datos/Gobernacion_Antioquia/POTA/Tablas_municipales_octubre/GRUPO_7/05150_conflictos_carolina.xlsx,05150_conflictos_carolina.xlsx,A,115421,48b1974001cfcf9ade825959cedd882a,2026-09-16
01_Datos/Gobernacion_Antioquia/POTA/Tablas_municipales_octubre/GRUPO_7/05425_conflictos_maceo.xlsx,05425_conflictos_maceo.xlsx,A,310190,2afb73eb2e9bbc1476c61ab8b8f42a3e,2026-09-16
01_Datos/Gobernacion_Antioquia/POTA/Tablas_municipales_octubre/GRUPO_7/05543_conflictos_peque.xlsx,05543_conflictos_peque.xlsx,A,303706,b14816eae82e68cd84fd3490c7558e0b,2026-09-16
01_Datos/Gobernacion_Antioquia/POTA/Tablas_municipales_octubre/GRUPO_7/05670_conflictos_sanroque.xlsx,05670_conflictos_sanroque.xlsx,A,408734,2c94346070fd1c8fa8c7bdfd3dc34d39,2026-09-16
01_Datos/Gobernacion_Antioquia/POTA/Tablas_municipales_octubre/GRUPO_7/05819_conflictos_toledo.xlsx,05819_conflictos_toledo.xlsx,A,220840,e330d082ebb55880d19b40565af41852,2026-09-16
01_Datos/Gobernacion_Antioquia/POTA/Tablas_municipales_octubre/GRUPO_7/05842_conflictos_uramita.xlsx,05842_conflictos_uramita.xlsx,A,162941,8c69a555442dd2c219c0712940732ce0,2026-09-16
01_Datos/Gobernacion_Antioquia/POTA/Tablas_municipales_octubre/GRUPO_7/05858_conflictos_vegachi.xlsx,05858_conflictos_vegachi.xlsx,A,212081,75ca557ad1adc31be842e459b3d5976f,2026-09-16
01_Datos/Gobernacion_Antioquia/POTA/Tablas_municipales_octubre/GRUPO_7/05895_conflictos_zaragoza.xlsx,05895_conflictos_zaragoza.xlsx,A,326665,e0291b8b293f1b685328a585421cfe9e,2026-09-16
01_Datos/Gobernacion_Antioquia/POTA/Tablas_municipales_octubre/GRUPO_8/05042_conflictos_santafe_ant.xlsx,05042_conflictos_santafe_ant.xlsx,A,771886,c357f29c18f75aee2e8ed140066f335f,2026-09-16
01_Datos/Gobernacion_Antioquia/POTA/Tablas_municipales_octubre/GRUPO_8/05051_conflictos_arboletes.xlsx,05051_conflictos_arboletes.xlsx,A,471458,fad65c86ac7f6d26c1db87712958ddcc,2026-09-16
01_Datos/Gobernacion_Antioquia/POTA/Tablas_municipales_octubre/GRUPO_8/05101_conflictos_ciudad_bolivar.xlsx,05101_conflictos_ciudad_bolivar.xlsx,A,353547,2e29f403593f6756a78776107bec729c,2026-09-16
01_Datos/Gobernacion_Antioquia/POTA/Tablas_municipales_octubre/GRUPO_8/05264_conflictos_entrerrios.xlsx,05264_conflictos_entrerrios.xlsx,A,255431,a007698ed8f0ae65c0801859c42809d4,2026-09-16
01_Datos/Gobernacion_Antioquia/POTA/Tablas_municipales_octubre/GRUPO_8/05490_conflictos_necocli.xlsx,05490_conflictos_necocli.xlsx,A,792410,46c4500bec2bdead0b87645afe12e369,2026-09-16
01_Datos/Gobernacion_Antioquia/POTA/Tablas_municipales_octubre/GRUPO_8/05501_conflictos_olaya.xlsx,05501_conflictos_olaya.xlsx,A,203764,6290b0d9dad1b6991ce90a3d61414901,2026-09-16
01_Datos/Gobernacion_Antioquia/POTA/Tablas_municipales_octubre/GRUPO_8/05659_conflictos_sanjuan_uraba.xlsx,05659_conflictos_sanjuan_uraba.xlsx,A,370198,72e268716a29dfdd5dc1444a80ec3d70,2026-09-16
01_Datos/Gobernacion_Antioquia/POTA/Tablas_municipales_octubre/GRUPO_8/05756_conflictos_sonson.xlsx,05756_conflictos_sonson.xlsx,A,1048139,876acf92d58455d59bc23f47fd417ea2,2026-09-16
01_Datos/Gobernacion_Antioquia/POTA/Tablas_municipales_octubre/GRUPO_8/05887_conflictos_yarumal.xlsx,05887_conflictos_yarumal.xlsx,A,406293,3fb1e148f59ff69ab81c266e3f0497f5,2026-09-16
01_Datos/Gobernacion_Antioquia/POTA/Tablas_municipales_octubre/GRUPO_8/05890_conflictos_yolombo.xlsx,05890_conflictos_yolombo.xlsx,A,543535,c7630a822061f5f57ea0fdd3b5436e1e,2026-09-16
01_Datos/Gobernacion_Antioquia/POTA/Tablas_municipales_octubre/GRUPO_8/05893_conflictos_yondo.xlsx,05893_conflictos_yondo.xlsx,A,492829,6db68296d29e4153fa20351858aa565d,2026-09-16
01_Datos/Gobernacion_Antioquia/POTA/Tablas_municipales_octubre/GRUPO_8/Observaciones grupo 8.docx,Observaciones grupo 8.docx,B,252625,57fd62dfeed5bd91d76725f9376df37d,2026-09-16
01_Datos/Gobernacion_Antioquia/SSSA_Secretaria_Seccional_Salud/1_Web_Eventos_Salud_Publica_2007_2025.xlsx,1_Web_Eventos_Salud_Publica_2007_2025.xlsx,A,4892071,6de2ddca3b8352215a48d440be7ad54f,2026-09-16
01_Datos/Gobernacion_Antioquia/SSSA_Secretaria_Seccional_Salud/20260130_MORTALIDAD POR ENFERMEDADES NO TRANSMISIBLES TASA 05-24p.xlsx,20260130_MORTALIDAD POR ENFERMEDADES NO TRANSMISIBLES TASA 05-24p.xlsx,A,313134,d8b5551a2f982b61b706b5fdcd7e168f,2026-09-16
01_Datos/Gobernacion_Antioquia/SSSA_Secretaria_Seccional_Salud/ASEGURAMIENTO_ORIGINAL.xlsx,ASEGURAMIENTO_ORIGINAL.xlsx,A,4878710,04036e4071bfbbcc9c7a0b75b3559c54,2026-09-16
01_Datos/Gobernacion_Antioquia/SSSA_Secretaria_Seccional_Salud/DATOS SALUD.xlsx,DATOS SALUD.xlsx,B,18168322,206d5acb9b6c4881e02e8592360555eb,2026-09-16
01_Datos/Gobernacion_Antioquia/SSSA_Secretaria_Seccional_Salud/Eventos_Salud_Publica_2024 (enfermedades vectores).xlsx,Eventos_Salud_Publica_2024 (enfermedades vectores).xlsx,A,5099993,3755993691a6d8fb2f90f41230420119,2026-09-16
01_Datos/Gobernacion_Antioquia/SSSA_Secretaria_Seccional_Salud/Fecundidad 2023.xls,Fecundidad 2023.xls,A,983552,b3f4de2aa87602e9a22280e70fdac5fb,2026-09-16
01_Datos/Gobernacion_Antioquia/SSSA_Secretaria_Seccional_Salud/Fecundidad 2024.xls,Fecundidad 2024.xls,A,989696,0dfd51b8d4b5dd018205e7f8fe42722e,2026-09-16
01_Datos/Gobernacion_Antioquia/SSSA_Secretaria_Seccional_Salud/Intentos_de_suicidio_(Tasa) 2025.xlsx,Intentos_de_suicidio_(Tasa) 2025.xlsx,A,5888,69783112865998201e9bae6f92039919,2026-09-16
01_Datos/Gobernacion_Antioquia/SSSA_Secretaria_Seccional_Salud/MORTALIDADINFMAT_ORIGINAL.xls,MORTALIDADINFMAT_ORIGINAL.xls,A,1544192,ea9ab97c1484e316bda9c21ffc44bb43,2026-09-16
"01_Datos/Gobernacion_Antioquia/SSSA_Secretaria_Seccional_Salud/Mortalidad Infantil (EDA, desnutrición, etc).xls","Mortalidad Infantil (EDA, desnutrición, etc).xls",A,1524224,6eb3fb813d134fc5a9337b79194d0c7d,2026-09-16
01_Datos/Gobernacion_Antioquia/SSSA_Secretaria_Seccional_Salud/Mortalidad general 2024.xls,Mortalidad general 2024.xls,A,880640,eda9441180f75be8564cce5a9c58a37b,2026-09-16
01_Datos/Gobernacion_Antioquia/SSSA_Secretaria_Seccional_Salud/Mortalidad-Causa-Externa_2005-2024-10-2025.xls,Mortalidad-Causa-Externa_2005-2024-10-2025.xls,A,1045504,68c13d3385625c766d21bcbb7a5b378a,2026-09-16
01_Datos/Gobernacion_Antioquia/SSSA_Secretaria_Seccional_Salud/NATALIDAD.xlsx,NATALIDAD.xlsx,A,526789,477833695994a1eeee081d382a515e40,2026-09-16
01_Datos/Gobernacion_Antioquia/SSSA_Secretaria_Seccional_Salud/Nacimientos 2023.xls,Nacimientos 2023.xls,A,1081344,3d5691e1a6aada9551e1ac420e39244a,2026-09-16
01_Datos/Gobernacion_Antioquia/SSSA_Secretaria_Seccional_Salud/Nacimientos 2024.xls,Nacimientos 2024.xls,A,1080320,4ba79f1bd6d762d9794fe20e4318caf7,2026-09-16
01_Datos/Gobernacion_Antioquia/Secretaria_Turismo/instrumentos_planificacion_turistica_antioquia.xlsx,instrumentos_planificacion_turistica_antioquia.xlsx,B,26752,c1cf554920aa8e7c844e2ceeb5bad651,2026-09-16
01_Datos/Gobernacion_Antioquia/Secretaria_Turismo/turismo_antioquia_preferencias_2023.xlsx,turismo_antioquia_preferencias_2023.xlsx,B,10296,05fe7ec93feb0efb14931ad5af8b64d5,2026-09-16
01_Datos/IDEAM/20250513 Riesgo al Cambio climático - 2017.csv,20250513 Riesgo al Cambio climático - 2017.csv,A,98574,3c48586b7faa311025be472971836c53,2026-09-16
01_Datos/INS/SIVICAP_IRCA/IRCA 2024.xlsx,IRCA 2024.xlsx,A,1151561,2191c530c309153ba4a2ebe8dac61f56,2026-09-16
01_Datos/INS/SIVICAP_IRCA/IRCA_ORIGINAL.xlsx,IRCA_ORIGINAL.xlsx,A,107568,40ed9d0516ae5e7e3c88967a97401a36,2026-09-16
01_Datos/INS/SIVICAP_IRCA/Indice de riesgo de calidad del agua (IRCA) 2023.xlsx,Indice de riesgo de calidad del agua (IRCA) 2023.xlsx,A,23113,852690cbe50b5d9174f9a2cc9d908bb8,2026-09-16
01_Datos/INS/SIVICAP_IRCA/Indice de riesgo de calidad del agua (IRCA) 2024.xlsx,Indice de riesgo de calidad del agua (IRCA) 2024.xlsx,A,17105,8f52b0ab9031b5ba96aebbeced5dbe5d,2026-09-16
01_Datos/INS/SIVIGILA/Intento_suicidio_SIVIGILA.xlsx,Intento_suicidio_SIVIGILA.xlsx,A,25267952,1d0e7e15b621ce81eaaaf58ec701f37e,2026-09-16
01_Datos/INS/SIVIGILA/Intento_suicidio_SIVIGILA_2022.xlsx,Intento_suicidio_SIVIGILA_2022.xlsx,A,24431569,82c247f1adf0a096a2ed783b40aee52d,2026-09-16
01_Datos/INS/SIVIGILA/Intento_suicidio_SIVIGILA_2025.xlsx,Intento_suicidio_SIVIGILA_2025.xlsx,A,25536789,1ecc37c32366c9a41efce6f848f0a34b,2026-09-16
01_Datos/MEN/MEN_ESTADISTICAS_MEDIA_PREESCOLAR_2024.xlsx,MEN_ESTADISTICAS_MEDIA_PREESCOLAR_2024.xlsx,A,9592185,3c2027547c2bcd78b4abc9608a8f504a,2026-09-16
01_Datos/MEN/SNIES tasas.xlsx,SNIES tasas.xlsx,A,712940,3e297b94bbe4f9545fa0e57de449c253,2026-09-16
01_Datos/Migracion_Colombia_SITA/SITA_BD (VENR) - Actualizado Enero 2026.xlsx,SITA_BD (VENR) - Actualizado Enero 2026.xlsx,A,40702308,01fcb4536376ae85ccb8f4d5c12306ed,2026-09-16
01_Datos/Migracion_Colombia_SITA/Turismo.xlsx,Turismo.xlsx,B,40748424,5f386774ccd6662d201b88d04fdb0dd8,2026-09-16
01_Datos/MinTIC/EMPAQUETAMIENTO_FIJO_3.parquet,EMPAQUETAMIENTO_FIJO_3.parquet,D,41622928,a640974d4b44d97085bd7ef50f4717ef,2026-09-17
01_Datos/Parques_Nacionales_RUNAP/AREAPROTEGIDA_ORIGINAL.xlsx,AREAPROTEGIDA_ORIGINAL.xlsx,B,37817,af661b2ce63b31f44238434f8d6b4ab4,2026-09-16
01_Datos/Policia_Nacional/CUADRO_DE_SALIDA_DELICTIVO_HISTÓRICO_2020_2025.xlsx,CUADRO_DE_SALIDA_DELICTIVO_HISTÓRICO_2020_2025.xlsx,A,3979174,31617a083ff8e1011b5e88c16342ab7b,2026-09-16
01_Datos/Superintendencia_Subsidio_Familiar/AFILIADOS CAJAS POR MCPIO.xlsx,AFILIADOS CAJAS POR MCPIO.xlsx,A,222245,46d1032cdc3ae3d870339d9fa79df00e,2026-09-16
01_Datos/UARIV/IRV-2025.xlsx,IRV-2025.xlsx,A,449908,f6e35eb996b176e65add281f92ed011e,2026-09-16
01_Datos/UARIV/UARIV_sujetos_reparacion_colectiva.xlsx,UARIV_sujetos_reparacion_colectiva.xlsx,B,134423,6ae2204c1632792f964e520f0568a3f8,2026-09-16
01_Datos/UARIV/cifras_victimas_ruv.xlsx,cifras_victimas_ruv.xlsx,B,127026,7c49f5c693ca3c69101ace8acc70b8cc,2026-09-16
01_Datos/UARIV/vgv.unidadvictimas.gov.co.har,vgv.unidadvictimas.gov.co.har,B,917605,13326b5396e6eebd299fbe3c7ed26982,2026-09-16
01_Datos/UBPD/UBPD_desaparecidos_Antioquia.xlsx,UBPD_desaparecidos_Antioquia.xlsx,B,26499,2dff9dbf36886bb019fffd2d1f6aabe9,2026-09-16
01_Datos/UNGRD/20250612_Afectados_DN.xlsx,20250612_Afectados_DN.xlsx,A,308787,7f1dce3bcc124df611e30f71ec3eacab,2026-09-16
01_Datos/UNGRD/EMERGENCIAS19-22_ORIGINAL.xlsx,EMERGENCIAS19-22_ORIGINAL.xlsx,A,635053,cf768f879c3322700e209b8b56ab03b7,2026-09-16
01_Datos/UNGRD/EMERGENCIAS23-24.xlsx,EMERGENCIAS23-24.xlsx,A,609401,ffbfb2417dc01d329d328e8e97d70ad7,2026-09-16
01_Datos/UNODC_SIMCI/CULTILICITOS_ORIGINAL.xlsx,CULTILICITOS_ORIGINAL.xlsx,A,32689,2b46a6c82c00dc65edd2a158dede304c,2026-09-16
01_Datos/URT/Estadísticas_Solicitudes_Restitución_Discriminadas_Municipios_20260704.xlsx,Estadísticas_Solicitudes_Restitución_Discriminadas_Municipios_20260704.xlsx,A,41266,4e193e7ba1d7d9e14aa342e8e52d1fd6,2026-09-16
01_Datos/XM/Energia_NorteAntioquia.xlsx,Energia_NorteAntioquia.xlsx,B,15822,ec8989edaf8e9b5762f5571e548e77f4,2026-09-16
"01_Datos/_Compilaciones_equipo/20250409 Seguridad, Convivencia y DDHH.xlsx","20250409 Seguridad, Convivencia y DDHH.xlsx",B,1051105,fe0ff8e4599d2ba9248957d0928cd382,2026-09-16
01_Datos/_Entidad_por_confirmar/AREA_ORIGINAL.xlsx,AREA_ORIGINAL.xlsx,B,12424,69562f423a195d1348779b93d21092ee,2026-09-16
